"","ID","Description","GeneRatio","BgRatio","pvalue","p.adjust","qvalue","geneID","Count"
"GO:0004553","GO:0004553","hydrolase activity, hydrolyzing O-glycosyl compounds","5/54","94/18368",8.1783334666881e-06,0.000969953909212012,0.000734898566262426,"HEXB/HEXA/GM2A/MAN2B2/GALC",5
"GO:0015929","GO:0015929","hexosaminidase activity","3/54","15/18368",1.0658834167165e-05,0.000969953909212012,0.000734898566262426,"HEXB/HEXA/GM2A",3
"GO:0016798","GO:0016798","hydrolase activity, acting on glycosyl bonds","5/54","144/18368",6.41331038758134e-05,0.00389074163513268,0.0029478724939409,"HEXB/HEXA/GM2A/MAN2B2/GALC",5
"GO:0043208","GO:0043208","glycosphingolipid binding","2/54","10/18368",0.000376029872502492,0.0150138789252672,0.0113754663921921,"PSAP/EPDR1",2
"GO:0004197","GO:0004197","cysteine-type endopeptidase activity","4/54","119/18368",0.000412469201243605,0.0150138789252672,0.0113754663921921,"CTSD/CAPNS1/CTSB/CAPN2",4
"GO:0004198","GO:0004198","calcium-dependent cysteine-type endopeptidase activity","2/54","16/18368",0.000991466582931639,0.0300744863489264,0.02278633725685,"CAPNS1/CAPN2",2
"GO:0016638","GO:0016638","oxidoreductase activity, acting on the CH-NH2 group of donors","2/54","20/18368",0.0015580390660849,0.0354453887534314,0.026855673375937,"GLDC/PNPO",2
"GO:0097001","GO:0097001","ceramide binding","2/54","20/18368",0.0015580390660849,0.0354453887534314,0.026855673375937,"PSAP/EPDR1",2
"GO:0008234","GO:0008234","cysteine-type peptidase activity","4/54","190/18368",0.00234317007723979,0.0473841060064047,0.0359012023530307,"CTSD/CAPNS1/CTSB/CAPN2",4
