"","ONTOLOGY","ID","Description","GeneRatio","BgRatio","pvalue","p.adjust","qvalue","geneID","Count"
"GO:0097449","CC","GO:0097449","astrocyte projection","2/30","19/19550",0.000382996794630221,0.0208094061571091,0.0156461700429392,"SLC1A2/AQP4",2
"GO:0097386","CC","GO:0097386","glial cell projection","2/30","33/19550",0.00116690453195501,0.0208094061571091,0.0156461700429392,"SLC1A2/AQP4",2
"GO:0005938","CC","GO:0005938","cell cortex","4/30","308/19550",0.00119836484997833,0.0208094061571091,0.0156461700429392,"EPB41L2/LLGL1/ADD3/FMN2",4
"GO:0005834","CC","GO:0005834","heterotrimeric G-protein complex","2/30","34/19550",0.00123865512839935,0.0208094061571091,0.0156461700429392,"GNA13/GNG7",2
"GO:1905360","CC","GO:1905360","GTPase complex","2/30","34/19550",0.00123865512839935,0.0208094061571091,0.0156461700429392,"GNA13/GNG7",2
"GO:0005925","CC","GO:0005925","focal adhesion","4/30","418/19550",0.0036354319732983,0.0462872593476981,0.034802450637367,"EPB41L2/MAPK3/GNA13/RRAS2",4
"GO:0030055","CC","GO:0030055","cell-substrate junction","4/30","425/19550",0.00385727161230817,0.0462872593476981,0.034802450637367,"EPB41L2/MAPK3/GNA13/RRAS2",4
"GO:0015172","MF","GO:0015172","acidic amino acid transmembrane transporter activity","2/29","16/18368",0.000284890834980517,0.0398847168972724,0.0236909220668009,"SLC1A2/SLC1A4",2
